{
  "entropy": 1.9661524295806885,
  "perplexity": 7.143139362335205
}