{
  "entropy": 1.6827973127365112,
  "perplexity": 5.380585670471191
}