{
  "entropy": 2.098156690597534,
  "perplexity": 8.151131629943848
}