{
  "entropy": 2.150935649871826,
  "perplexity": 8.592894554138184
}