{
  "entropy": 2.783923387527466,
  "perplexity": 16.18238639831543
}