{
  "entropy": 1.994793176651001,
  "perplexity": 7.350682735443115
}