{
  "entropy": 1.902784824371338,
  "perplexity": 6.704539775848389
}