{
  "entropy": 1.8574628829956055,
  "perplexity": 6.407459735870361
}