{
  "entropy": 3.4037113189697266,
  "perplexity": 30.075511932373047
}