{
  "entropy": 2.0630335807800293,
  "perplexity": 7.869807720184326
}