{
  "entropy": 2.9086456298828125,
  "perplexity": 18.331954956054688
}