{
  "entropy": 1.997148871421814,
  "perplexity": 7.368019104003906
}