{
  "entropy": 2.810386896133423,
  "perplexity": 16.61634635925293
}