{
  "entropy": 2.3046715259552,
  "perplexity": 10.020886421203613
}