{
  "entropy": 1.9661526679992676,
  "perplexity": 7.143141269683838
}