{
  "entropy": 2.0219902992248535,
  "perplexity": 7.553343296051025
}