{
  "entropy": 2.783923864364624,
  "perplexity": 16.18239402770996
}