{
  "entropy": 2.096139669418335,
  "perplexity": 8.134706497192383
}