{
  "entropy": 3.4105262756347656,
  "perplexity": 30.281177520751953
}