{
  "entropy": 1.9622036218643188,
  "perplexity": 7.114988803863525
}