{
  "entropy": 1.8990734815597534,
  "perplexity": 6.6797027587890625
}