{
  "entropy": 2.1296579837799072,
  "perplexity": 8.41199016571045
}