{
  "entropy": 1.9554274082183838,
  "perplexity": 7.066938400268555
}