{
  "entropy": 2.2711644172668457,
  "perplexity": 9.690678596496582
}