{
  "entropy": 2.223323345184326,
  "perplexity": 9.237980842590332
}