{
  "entropy": 1.9261679649353027,
  "perplexity": 6.863160133361816
}