{
  "entropy": 2.5568196773529053,
  "perplexity": 12.894742965698242
}